"API","Region","1980","1981","1982","1983","1984","1985","1986","1987","1988","1989","1990","1991","1992","1993","1994","1995","1996","1997","1998","1999","2000","2001","2002","2003","2004","2005","2006","2007","2008","2009","2010","2011","2012","2013","2014","2015","2016","2017","2018","2019","2020","2021","2022","2023"
"INTL.4417-1-WORL-QBTU.A","    World","7.575901227970802","8.527382587804034","9.51382983625356","10.726581364243433","13.00519382917337","15.308681909625198","16.25970723143459","17.65800877733016","19.240301233048264","19.752576070433182","20.37094119571121","21.20100520276355","21.293920050511076","22.022581864145476","22.42026782489464","23.272314307686226","24.123040615847433","23.89499132337984","24.322625147887553","25.095674473461862","25.666141946907576","26.39748998062402","26.687819049077262","26.311143398441097","27.26505783364225","27.321171774746844","27.686572652162894","27.179389893989654","27.06762588992495","26.70659892418398","27.44284106839499","26.291400909842743","24.536389802426402","24.703320393984946","25.2843133062374","25.549742876122178","25.94584669339173","26.24296208216535","26.778403208543597","27.878531593857137","26.93083181264637","27.99580763104259","26.88554942795203","27.512072032650522"
"INTL.4417-1-AFG-QBTU.A","        Afghanistan","0","0","0","0","0","0","0","0","0","0","0","0","0","0","0","0","0","0","0","0","0","0","0","0","0","0","0","0","0","0","0","0","0","0","0","0","0","0","0","0","0","0","0","0"
"INTL.4417-1-ALB-QBTU.A","        Albania","0","0","0","0","0","0","0","0","0","0","0","0","0","0","0","0","0","0","0","0","0","0","0","0","0","0","0","0","0","0","0","0","0","0","0","0","0","0","0","0","0","0","0","0"
"INTL.4417-1-DZA-QBTU.A","        Algeria","0","0","0","0","0","0","0","0","0","0","0","0","0","0","0","0","0","0","0","0","0","0","0","0","0","0","0","0","0","0","0","0","0","0","0","0","0","0","0","0","0","0","0","0"
"INTL.4417-1-ASM-QBTU.A","        American Samoa","0","0","0","0","0","0","0","0","0","0","0","0","0","0","0","0","0","0","0","0","0","0","0","0","0","0","0","0","0","0","0","0","0","0","0","0","0","0","0","0","0","0","0","0"
"INTL.4417-1-AGO-QBTU.A","        Angola","0","0","0","0","0","0","0","0","0","0","0","0","0","0","0","0","0","0","0","0","0","0","0","0","0","0","0","0","0","0","0","0","0","0","0","0","0","0","0","0","0","0","0","0"
"INTL.4417-1-ATA-QBTU.A","        Antarctica","0","0","0","0","0","0","0","0","0","0","0","0","0","0","0","0","0","0","0","0","0","0","0","0","0","0","0","0","0","0","0","0","0","0","0","0","0","0","0","0","0","0","0","0"
"INTL.4417-1-ATG-QBTU.A","        Antigua and Barbuda","0","0","0","0","0","0","0","0","0","0","0","0","0","0","0","0","0","0","0","0","0","0","0","0","0","0","0","0","0","0","0","0","0","0","0","0","0","0","0","0","0","0","0","0"
"INTL.4417-1-ARG-QBTU.A","        Argentina","0.025890132662445473","0.031151668061268394","0.02068060242228245","0.0381414231960253","0.05068203973911473","0.06417820394562351","0.06357586894355749","0.07252207928797708","0.057216979995155334","0.056532029563840784","0.08302071607140186","0.09087402705112906","0.07965501136580448","0.08638642077699923","0.09238564179609911","0.08275979312086268","0.08100392763739317","0.08720798567898543","0.0834036104648015","0.07895541790667875","0.07005903279043325","0.07656744084916023","0.06309409970600423","0.08229156232527081","0.08560429520408327","0.07456575419800499","0.08373137202171581","0.07868618519921343","0.0801845237451074","0.08884679346355696","0.07832330633262972","0.06899380773046176","0.06909915965946993","0.06709279070035877","0.06144228038134223","0.0776395312061004","0.09138283017082018","0.06743226001684546","0.07612275524689571","0.093127473088457","0.11765454498090733","0.11888902688897748","0.08729049791347049","0.10477899193765046"
"INTL.4417-1-ARM-QBTU.A","        Armenia","--","--","--","--","--","--","--","--","--","--","--","--","0","0","0","0","0.02462352208724874","0.016767445992745572","0.016650191125663433","0.024389012353084466","0.021574895543113183","0.023298542089220595","0.024506267220166602","0.021340385808948908","0.025854698191611177","0.02936061871736707","0.028399128807293547","0.027529097693544093","0.026569952880812212","0.02685136456180934","0.0268161881016847","0.02763697217125966","0.02490493376824587","0.02542085518340727","0.026569952880812212","0.030146226326817387","0.02573744332452904","0.028270148453503195","0.022254973772189577","0.02379101253096557","0.029923661332448667","0.021692309350292694","0.030849981567902748","0.029454638425910947"
"INTL.4417-1-ABW-QBTU.A","        Aruba","--","--","--","--","--","--","0","0","0","0","0","0","0","0","0","0","0","0","0","0","0","0","0","0","0","0","0","0","0","0","0","0","0","0","0","0","0","0","0","0","0","0","0","0"
"INTL.4417-1-AUS-QBTU.A","        Australia","0","0","0","0","0","0","0","0","0","0","0","0","0","0","0","0","0","0","0","0","0","0","0","0","0","0","0","0","0","0","0","0","0","0","0","0","0","0","0","0","0","0","0","0"
"INTL.4417-1-AUT-QBTU.A","        Austria","0","0","0","0","0","0","0","0","0","0","0","0","0","0","0","0","0","0","0","0","0","0","0","0","0","0","0","0","0","0","0","0","0","0","0","0","0","0","0","0","0","0","0","0"
"INTL.4417-1-AZE-QBTU.A","        Azerbaijan","--","--","--","--","--","--","--","--","--","--","--","--","0","0","0","0","0","0","0","0","0","0","0","0","0","0","0","0","0","0","0","0","0","0","0","0","0","0","0","0","0","0","0","0"
"INTL.4417-1-BHR-QBTU.A","        Bahrain","0","0","0","0","0","0","0","0","0","0","0","0","0","0","0","0","0","0","0","0","0","0","0","0","0","0","0","0","0","0","0","0","0","0","0","0","0","0","0","0","0","0","0","0"
"INTL.4417-1-BGD-QBTU.A","        Bangladesh","0","0","0","0","0","0","0","0","0","0","0","0","0","0","0","0","0","0","0","0","0","0","0","0","0","0","0","0","0","0","0","0","0","0","0","0","0","0","0","0","0","0","0","0"
"INTL.4417-1-BRB-QBTU.A","        Barbados","0","0","0","0","0","0","0","0","0","0","0","0","0","0","0","0","0","0","0","0","0","0","0","0","0","0","0","0","0","0","0","0","0","0","0","0","0","0","0","0","0","0","0","0"
"INTL.4417-1-BLR-QBTU.A","        Belarus","--","--","--","--","--","--","--","--","--","--","--","--","0","0","0","0","0","0","0","0","0","0","0","0","0","0","0","0","0","0","0","0","0","0","0","0","0","0","0","0","0.0034948602181734865","0.05976417769889558","0.04844207137012557","0.1213378244457681"
"INTL.4417-1-BEL-QBTU.A","        Belgium","0.12376346524475476","0.12698511897100165","0.15394350997532583","0.23855863822850112","0.27541026388687195","0.33929165951240586","0.38713622547203486","0.41268792208648314","0.4243428998679719","0.40583815776254495","0.42121899219902437","0.42238534661273097","0.4282463348939872","0.4131841136826879","0.4003418066168556","0.4068119493112419","0.42628897223565765","0.4663716706622464","0.4541118114689937","0.48217280675084734","0.4737130897230708","0.4559342229706934","0.465874649343601","0.4660713869488981","0.4653983372465658","0.4694262808497544","0.458854223217735","0.47478996924680245","0.448965569898853","0.4655433017978374","0.47349564289616347","0.4757115296084574","0.39827975000782956","0.42072854623331246","0.3323208791792659","0.25705321323690644","0.42899670296119446","0.4155149996929386","0.2808822790827108","0.427703412071636","0.33752710549391907","0.495762927810897","0.43080447730366095","0.32328709766661756"
"INTL.4417-1-BLZ-QBTU.A","        Belize","0","0","0","0","0","0","0","0","0","0","0","0","0","0","0","0","0","0","0","0","0","0","0","0","0","0","0","0","0","0","0","0","0","0","0","0","0","0","0","0","0","0","0","0"
"INTL.4417-1-BEN-QBTU.A","        Benin","0","0","0","0","0","0","0","0","0","0","0","0","0","0","0","0","0","0","0","0","0","0","0","0","0","0","0","0","0","0","0","0","0","0","0","0","0","0","0","0","0","0","0","0"
"INTL.4417-1-BMU-QBTU.A","        Bermuda","0","0","0","0","0","0","0","0","0","0","0","0","0","0","0","0","0","0","0","0","0","0","0","0","0","0","0","0","0","0","0","0","0","0","0","0","0","0","0","0","0","0","0","0"
"INTL.4417-1-BTN-QBTU.A","        Bhutan","0","0","0","0","0","0","0","0","0","0","0","0","0","0","0","0","0","0","0","0","0","0","0","0","0","0","0","0","0","0","0","0","0","0","0","0","0","0","0","0","0","0","0","0"
"INTL.4417-1-BOL-QBTU.A","        Bolivia","0","0","0","0","0","0","0","0","0","0","0","0","0","0","0","0","0","0","0","0","0","0","0","0","0","0","0","0","0","0","0","0","0","0","0","0","0","0","0","0","0","0","0","0"
"INTL.4417-1-BIH-QBTU.A","        Bosnia and Herzegovina","--","--","--","--","--","--","--","--","--","--","--","--","0","0","0","0","0","0","0","0","0","0","0","0","0","0","0","0","0","0","0","0","0","0","0","0","0","0","0","0","0","0","0","0"
"INTL.4417-1-BWA-QBTU.A","        Botswana","0","0","0","0","0","0","0","0","0","0","0","0","0","0","0","0","0","0","0","0","0","0","0","0","0","0","0","0","0","0","0","0","0","0","0","0","0","0","0","0","0","0","0","0"
"INTL.4417-1-BRA-QBTU.A","        Brazil","0","0","0.0005200175851875722","0.0017800938891560363","0.028003480384492355","0.029929808343615867","0.0011956726306639293","0.009380054352665","0.003180112001909199","0.015520998254479413","0.019860312373213576","0.01403760268084688","0.017039805297991505","0.0043002402688344385","0.0005349863585199834","0.024463727760264353","0.023573914765497257","0.030755757880552","0.032027138215784665","0.03859602174776219","0.05046700567335766","0.14778002415782865","0.14334703773089072","0.13878976196487974","0.12014636110392574","0.09525742095455215","0.1344810648770148","0.12066423335006335","0.13681148998463405","0.12660940673572313","0.14266344636598907","0.15323839763211908","0.15712243947815116","0.15168478089370624","0.14979972591776536","0.1440451295186842","0.15509238027329172","0.15387227326139152","0.15323321890965771","0.15703025821833866","0.13747615589194168","0.14241865337018028","0.1515220489478055","0.15108493609281493"
"INTL.4417-1-VGB-QBTU.A","        British Virgin Islands","0","0","0","0","0","0","0","0","0","0","0","0","0","0","0","0","0","0","0","0","0","0","0","0","0","0","0","0","0","0","0","0","0","0","0","0","0","0","0","0","0","0","0","0"
"INTL.4417-1-BRN-QBTU.A","        Brunei","0","0","0","0","0","0","0","0","0","0","0","0","0","0","0","0","0","0","0","0","0","0","0","0","0","0","0","0","0","0","0","0","0","0","0","0","0","0","0","0","0","0","0","0"
"INTL.4417-1-BGR-QBTU.A","        Bulgaria","0.06394751437002857","0.09458949027470319","0.11146238864462639","0.1277629512577094","0.13208848880459775","0.13620490367110216","0.1252094532656532","0.12898466796942595","0.1662745438189366","0.16069427018974478","0.14889534843334706","0.13659012966128306","0.1209279415462141","0.14607769547659538","0.16029253451427042","0.18047287317131816","0.19552970615895998","0.18094615081639753","0.17669765846754537","0.16535000144250245","0.1900705035552536","0.20073576025483322","0.22255055775593421","0.17654356807147303","0.17167871413833144","0.1912702073532455","0.1998112178783991","0.1507312254379806","0.16225718706419298","0.15650081012520417","0.15668791989186345","0.16800255754631946","0.16356695543080801","0.1465619795785371","0.16525094333074164","0.15990180529565837","0.16434841386803212","0.16199743468224242","0.16830193317297434","0.17293785280337984","0.17376936646670846","0.17226692341184663","0.1811957275797927","0.1779046619409664"
"INTL.4417-1-BFA-QBTU.A","        Burkina Faso","0","0","0","0","0","0","0","0","0","0","0","0","0","0","0","0","0","0","0","0","0","0","0","0","0","0","0","0","0","0","0","0","0","0","0","0","0","0","0","0","0","0","0","0"
"INTL.4417-1-MMR-QBTU.A","        Burma","0","0","0","0","0","0","0","0","0","0","0","0","0","0","0","0","0","0","0","0","0","0","0","0","0","0","0","0","0","0","0","0","0","0","0","0","0","0","0","0","0","0","0","0"
"INTL.4417-1-BDI-QBTU.A","        Burundi","0","0","0","0","0","0","0","0","0","0","0","0","0","0","0","0","0","0","0","0","0","0","0","0","0","0","0","0","0","0","0","0","0","0","0","0","0","0","0","0","0","0","0","0"
"INTL.4417-1-CPV-QBTU.A","        Cabo Verde","0","0","0","0","0","0","0","0","0","0","0","0","0","0","0","0","0","0","0","0","0","0","0","0","0","0","0","0","0","0","0","0","0","0","0","0","0","0","0","0","0","0","0","0"
"INTL.4417-1-KHM-QBTU.A","        Cambodia","0","0","0","0","0","0","0","0","0","0","0","0","0","0","0","0","0","0","0","0","0","0","0","0","0","0","0","0","0","0","0","0","0","0","0","0","0","0","0","0","0","0","0","0"
"INTL.4417-1-CMR-QBTU.A","        Cameroon","0","0","0","0","0","0","0","0","0","0","0","0","0","0","0","0","0","0","0","0","0","0","0","0","0","0","0","0","0","0","0","0","0","0","0","0","0","0","0","0","0","0","0","0"
"INTL.4417-1-CAN-QBTU.A","        Canada","0.41593822500191696","0.4381841964004308","0.4192768595838721","0.5356658147232405","0.5697562347679083","0.659474623850155","0.7765733844525348","0.8418913457078571","0.9029702810072636","0.8703401765782123","0.794792666708931","0.9261179158325392","0.875779792368898","1.0248153706229848","1.1654285672760352","1.0544902359122785","0.9997759058515491","0.8812628611754565","0.7635487420182216","0.7870069974569153","0.7796009072006819","0.821298209876188","0.8088081824729815","0.8020108119638357","0.9679545785726825","0.9788100807290795","1.0435914980612295","0.9956885303184259","0.996885257770874","0.9610963330137003","0.9655897059011941","0.996794938717859","1.0119253861371507","1.103425187511819","1.1444033486810972","1.0860343453820318","1.081974974559799","1.0805954669266171","1.0745459867319251","1.0795099527234573","1.0441898490091357","0.8297925802840168","0.927537881647673","0.9530625957913903"
"INTL.4417-1-CYM-QBTU.A","        Cayman Islands","0","0","0","0","0","0","0","0","0","0","0","0","0","0","0","0","0","0","0","0","0","0","0","0","0","0","0","0","0","0","0","0","0","0","0","0","0","0","0","0","0","0","0","0"
"INTL.4417-1-CAF-QBTU.A","        Central African Republic","0","0","0","0","0","0","0","0","0","0","0","0","0","0","0","0","0","0","0","0","0","0","0","0","0","0","0","0","0","0","0","0","0","0","0","0","0","0","0","0","0","0","0","0"
"INTL.4417-1-TCD-QBTU.A","        Chad","0","0","0","0","0","0","0","0","0","0","0","0","0","0","0","0","0","0","0","0","0","0","0","0","0","0","0","0","0","0","0","0","0","0","0","0","0","0","0","0","0","0","0","0"
"INTL.4417-1-CHL-QBTU.A","        Chile","0","0","0","0","0","0","0","0","0","0","0","0","0","0","0","0","0","0","0","0","0","0","0","0","0","0","0","0","0","0","0","0","0","0","0","0","0","0","0","0","0","0","0","0"
"INTL.4417-1-CHN-QBTU.A","        China","0","0","0","0","0","0","0","0","0","0","0","0","0.005169714587472124","0.025212336528095576","0.13715219299172948","0.12510984705114142","0.1376410433632105","0.1147008694693421","0.1360241148068145","0.14238066519414633","0.1607125927022861","0.1677260203156538","0.25432265031413775","0.420807023601796","0.4841014654627171","0.5081924448268776","0.5229523677862081","0.5983909449928501","0.6591997922672884","0.6631151312554201","0.7452361819299957","0.8721509958427348","0.9834571883638831","1.1310990071750051","1.3452042975099454","1.740251545357225","2.1777812965925714","2.5353806400308003","3.0137827778205626","3.568645529381245","3.756039301305056","4.182328769995975","4.287655929853133","4.447601733845515"
"INTL.4417-1-COL-QBTU.A","        Colombia","0","0","0","0","0","0","0","0","0","0","0","0","0","0","0","0","0","0","0","0","0","0","0","0","0","0","0","0","0","0","0","0","0","0","0","0","0","0","0","0","0","0","0","0"
"INTL.4417-1-COM-QBTU.A","        Comoros","0","0","0","0","0","0","0","0","0","0","0","0","0","0","0","0","0","0","0","0","0","0","0","0","0","0","0","0","0","0","0","0","0","0","0","0","0","0","0","0","0","0","0","0"
"INTL.4417-1-COG-QBTU.A","        Congo-Brazzaville","0","0","0","0","0","0","0","0","0","0","0","0","0","0","0","0","0","0","0","0","0","0","0","0","0","0","0","0","0","0","0","0","0","0","0","0","0","0","0","0","0","0","0","0"
"INTL.4417-1-COD-QBTU.A","        Congo-Kinshasa","0","0","0","0","0","0","0","0","0","0","0","0","0","0","0","0","0","0","0","0","0","0","0","0","0","0","0","0","0","0","0","0","0","0","0","0","0","0","0","0","0","0","0","0"
"INTL.4417-1-COK-QBTU.A","        Cook Islands","0","0","0","0","0","0","0","0","0","0","0","0","0","0","0","0","0","0","0","0","0","0","0","0","0","0","0","0","0","0","0","0","0","0","0","0","0","0","0","0","0","0","0","0"
"INTL.4417-1-CRI-QBTU.A","        Costa Rica","0","0","0","0","0","0","0","0","0","0","0","0","0","0","0","0","0","0","0","0","0","0","0","0","0","0","0","0","0","0","0","0","0","0","0","0","0","0","0","0","0","0","0","0"
"INTL.4417-1-CIV-QBTU.A","        Cote d'Ivoire","0","0","0","0","0","0","0","0","0","0","0","0","0","0","0","0","0","0","0","0","0","0","0","0","0","0","0","0","0","0","0","0","0","0","0","0","0","0","0","0","0","0","0","0"
"INTL.4417-1-HRV-QBTU.A","        Croatia","--","--","--","--","--","--","--","--","--","--","--","--","0","0","0","0","0","0","0","0","0","0","0","0","0","0","0","0","0","0","0","0","0","0","0","0","0","0","0","0","0","0","0","0"
"INTL.4417-1-CUB-QBTU.A","        Cuba","0","0","0","0","0","0","0","0","0","0","0","0","0","0","0","0","0","0","0","0","0","0","0","0","0","0","0","0","0","0","0","0","0","0","0","0","0","0","0","0","0","0","0","0"
"INTL.4417-1-CYP-QBTU.A","        Cyprus","0","0","0","0","0","0","0","0","0","0","0","0","0","0","0","0","0","0","0","0","0","0","0","0","0","0","0","0","0","0","0","0","0","0","0","0","0","0","0","0","0","0","0","0"
"INTL.4417-1-CZE-QBTU.A","        Czechia","--","--","--","--","--","--","--","--","--","--","--","--","--","0.14517587754342043","0.1491626635292151","0.13215224157788436","0.13885141278791738","0.14205882582905374","0.1423886661772557","0.14432221304602585","0.14636573951689227","0.15884724205024356","0.20135546897805762","0.2780019864655762","0.2828885412994912","0.2630482237562345","0.277119691842786","0.2786580516979074","0.2829903445251978","0.2903088653065473","0.29801197605167723","0.30090771224955276","0.3235419627649785","0.32804392763511314","0.323881306850667","0.28657608036397336","0.25707576784811614","0.30298449805396666","0.31957729269718405","0.32327501208423687","0.31990693006793935","0.3275218554945346","0.3498039414458929","0.3429253622807468"
"INTL.4417-1-DNK-QBTU.A","        Denmark","0","0","0","0","0","0","0","0","0","0","0","0","0","0","0","0","0","0","0","0","0","0","0","0","0","0","0","0","0","0","0","0","0","0","0","0","0","0","0","0","0","0","0","0"
"INTL.4417-1-DJI-QBTU.A","        Djibouti","0","0","0","0","0","0","0","0","0","0","0","0","0","0","0","0","0","0","0","0","0","0","0","0","0","0","0","0","0","0","0","0","0","0","0","0","0","0","0","0","0","0","0","0"
"INTL.4417-1-DMA-QBTU.A","        Dominica","0","0","0","0","0","0","0","0","0","0","0","0","0","0","0","0","0","0","0","0","0","0","0","0","0","0","0","0","0","0","0","0","0","0","0","0","0","0","0","0","0","0","0","0"
"INTL.4417-1-DOM-QBTU.A","        Dominican Republic","0","0","0","0","0","0","0","0","0","0","0","0","0","0","0","0","0","0","0","0","0","0","0","0","0","0","0","0","0","0","0","0","0","0","0","0","0","0","0","0","0","0","0","0"
"INTL.4417-1-ECU-QBTU.A","        Ecuador","0","0","0","0","0","0","0","0","0","0","0","0","0","0","0","0","0","0","0","0","0","0","0","0","0","0","0","0","0","0","0","0","0","0","0","0","0","0","0","0","0","0","0","0"
"INTL.4417-1-EGY-QBTU.A","        Egypt","0","0","0","0","0","0","0","0","0","0","0","0","0","0","0","0","0","0","0","0","0","0","0","0","0","0","0","0","0","0","0","0","0","0","0","0","0","0","0","0","0","0","0","0"
"INTL.4417-1-SLV-QBTU.A","        El Salvador","0","0","0","0","0","0","0","0","0","0","0","0","0","0","0","0","0","0","0","0","0","0","0","0","0","0","0","0","0","0","0","0","0","0","0","0","0","0","0","0","0","0","0","0"
"INTL.4417-1-GNQ-QBTU.A","        Equatorial Guinea","0","0","0","0","0","0","0","0","0","0","0","0","0","0","0","0","0","0","0","0","0","0","0","0","0","0","0","0","0","0","0","0","0","0","0","0","0","0","0","0","0","0","0","0"
"INTL.4417-1-ERI-QBTU.A","        Eritrea","--","--","--","--","--","--","--","--","--","--","--","--","--","--","0","0","0","0","0","0","0","0","0","0","0","0","0","0","0","0","0","0","0","0","0","0","0","0","0","0","0","0","0","0"
"INTL.4417-1-EST-QBTU.A","        Estonia","--","--","--","--","--","--","--","--","--","--","--","--","0","0","0","0","0","0","0","0","0","0","0","0","0","0","0","0","0","0","0","0","0","0","0","0","0","0","0","0","0","0","0","0"
"INTL.4417-1-SWZ-QBTU.A","        Eswatini","0","0","0","0","0","0","0","0","0","0","0","0","0","0","0","0","0","0","0","0","0","0","0","0","0","0","0","0","0","0","0","0","0","0","0","0","0","0","0","0","0","0","0","0"
"INTL.4417-1-ETH-QBTU.A","        Ethiopia","0","0","0","0","0","0","0","0","0","0","0","0","0","0","0","0","0","0","0","0","0","0","0","0","0","0","0","0","0","0","0","0","0","0","0","0","0","0","0","0","0","0","0","0"
"INTL.4417-1-FLK-QBTU.A","        Falkland Islands","0","0","0","0","0","0","0","0","0","0","0","0","0","0","0","0","0","0","0","0","0","0","0","0","0","0","0","0","0","0","0","0","0","0","0","0","0","0","0","0","0","0","0","0"
"INTL.4417-1-FRO-QBTU.A","        Faroe Islands","0","0","0","0","0","0","0","0","0","0","0","0","0","0","0","0","0","0","0","0","0","0","0","0","0","0","0","0","0","0","0","0","0","0","0","0","0","0","0","0","0","0","0","0"
"INTL.4417-1-FJI-QBTU.A","        Fiji","0","0","0","0","0","0","0","0","0","0","0","0","0","0","0","0","0","0","0","0","0","0","0","0","0","0","0","0","0","0","0","0","0","0","0","0","0","0","0","0","0","0","0","0"
"INTL.4417-1-FIN-QBTU.A","        Finland","0.06935337875974186","0.14340572756702202","0.16404329920315797","0.1732788975596608","0.1844942930947181","0.18637043597073047","0.18655701371530628","0.19211288433156387","0.19121109189944743","0.18668139887835683","0.18922092929063875","0.19051063782459876","0.1880643722836085","0.1945911732017968","0.1896986421198163","0.18635964960800394","0.18888323796095374","0.19435305446382795","0.21193241993219183","0.22280467557900224","0.21800659092735822","0.2208548156461001","0.21622007004642693","0.22044646801617296","0.22030354634569846","0.2282254903662852","0.22458098776918536","0.22974658528776384","0.22510163099734248","0.230726619599589","0.2234580317868857","0.2273067081989491","0.22523434397706882","0.23146164533345787","0.23118601068325706","0.22791922964383984","0.2274496298694236","0.2202422942012094","0.22337636226090027","0.23393214849451716","0.22834721630279295","0.2319352833604122","0.24824366535597062","0.33582984788773795"
"INTL.4417-1-CSK-QBTU.A","        Former Czechoslovakia","0.05543330095718489","0.06282440775147621","0.07144736567814941","0.07636856995031313","0.08991783236085256","0.14606666301865381","0.219713720002849","0.256954581817857","0.269400934448186","0.2842653654494961","0.2872235222383613","0.27644650289967404","0.2855910124752116","--","--","--","--","--","--","--","--","--","--","--","--","--","--","--","--","--","--","--","--","--","--","--","--","--","--","--","--","--","--","--"
"INTL.4417-1-SCG-QBTU.A","        Former Serbia and Montenegro","--","--","--","--","--","--","--","--","--","--","--","--","0","0","0","0","0","0","0","0","0","0","0","0","0","0","--","--","--","--","--","--","--","--","--","--","--","--","--","--","--","--","--","--"
"INTL.4417-1-SUN-QBTU.A","        Former U.S.S.R.","0.8326730749681325","0.7345603878992282","1.1234526242126504","1.2516935103477678","1.6248846358802502","1.9495532485320775","1.7448998013723627","2.0312173221815972","2.3290713962321816","2.4339331654743317","2.3076711660764673","2.3110420830575715","--","--","--","--","--","--","--","--","--","--","--","--","--","--","--","--","--","--","--","--","--","--","--","--","--","--","--","--","--","--","--","--"
"INTL.4417-1-YUG-QBTU.A","        Former Yugoslavia","0","0.0031160573430917575","0.02714609079547454","0.041968112036416","0.04737467645518649","0.04592204215841064","0.04592204215841064","0.04818226397699159","0.04432242076041007","0.05064607124611394","0.04994091597612538","0.04185772245430204","--","--","--","--","--","--","--","--","--","--","--","--","--","--","--","--","--","--","--","--","--","--","--","--","--","--","--","--","--","--","--","--"
"INTL.4417-1-FRA-QBTU.A","        France","0.719511721904385","1.020872819973336","1.0557677724129948","1.403046434454473","1.874078270313524","2.1460109898524946","2.434249880237338","2.532886801515124","2.6448859924416466","2.9337548909772293","3.107128673475428","3.27534902006186","3.3436543875201488","3.636453427990312","3.541370607238165","3.7110702137265634","3.9066302356438873","3.888373841847044","3.811327219463742","3.8717762730936602","4.077205817428769","4.1352413177255345","4.289313475976866","4.33164610399882","4.4020660947401025","4.45738279621641","4.443323608399595","4.343141557566687","4.33974047463159","4.04980073882408","4.23502745149749","4.372078836583327","4.203898995685729","4.191591938089438","4.317923837591532","4.327611245621009","3.98718451374527","3.936161049867827","4.081942523561579","3.940002787242861","3.469445711426837","3.7310343597051845","2.885510080697602","3.3179686797641836"
"INTL.4417-1-GUF-QBTU.A","        French Guiana","0","0","0","0","0","0","0","0","0","0","0","0","0","0","0","0","0","0","0","0","0","0","0","0","0","0","0","0","0","0","0","ie","ie","ie","ie","ie","ie","ie","ie","ie","ie","ie","ie","ie"
"INTL.4417-1-PYF-QBTU.A","        French Polynesia","0","0","0","0","0","0","0","0","0","0","0","0","0","0","0","0","0","0","0","0","0","0","0","0","0","0","0","0","0","0","0","0","0","0","0","0","0","0","0","0","0","0","0","0"
"INTL.4417-1-GAB-QBTU.A","        Gabon","0","0","0","0","0","0","0","0","0","0","0","0","0","0","0","0","0","0","0","0","0","0","0","0","0","0","0","0","0","0","0","0","0","0","0","0","0","0","0","0","0","0","0","0"
"INTL.4417-1-GMB-QBTU.A","        Gambia, The","0","0","0","0","0","0","0","0","0","0","0","0","0","0","0","0","0","0","0","0","0","0","0","0","0","0","0","0","0","0","0","0","0","0","0","0","0","0","0","0","0","0","0","0"
"INTL.4417-1-GEO-QBTU.A","        Georgia","--","--","--","--","--","--","--","--","--","--","--","--","0","0","0","0","0","0","0","0","0","0","0","0","0","0","0","0","0","0","0","0","0","0","0","0","0","0","0","0","0","0","0","0"
"INTL.4417-1-DEU-QBTU.A","        Germany","--","--","--","--","--","--","--","--","--","--","--","1.4293512203285814","1.5396310278859553","1.487971173559153","1.4610900877636577","1.4632895717770988","1.5294835133921154","1.628055035812288","1.5450484970793674","1.6249561250329256","1.621152916349163","1.6373920137449125","1.5756150261303508","1.575814719030318","1.594958807239089","1.5493734940058153","1.5904397280525635","1.3348931115503366","1.411824658348015","1.2798775857044002","1.3325081033260502","1.0069740442699986","0.9275810632657003","0.9073610173654616","0.9041403865766754","0.8577076272191229","0.7912084719341227","0.7147249422119936","0.7118622783869051","0.7094525043606255","0.608619309841295","0.6664217071162906","0.32477229338892627","0.06846292105345174"
"INTL.4417-1-DDR-QBTU.A","        Germany, East","0.1340852493122758","0.12649509263070782","0.11530722423826291","0.12999130150334687","0.13240481343478155","0.14367162847918927","0.12302143994434388","0.1201116919148572","0.12475826628752586","0.1246229291698753","0.06010095832997878","--","--","--","--","--","--","--","--","--","--","--","--","--","--","--","--","--","--","--","--","--","--","--","--","--","--","--","--","--","--","--","--","--"
"INTL.4417-1-DEUW-QBTU.A","        Germany, West","0.4659346088659579","0.5700998167246499","0.6740006510234996","0.6984584655502719","0.9765898710927636","1.3201643908159744","1.25300855636245","1.366661319784475","1.5186142137573504","1.4703134625571836","1.4593170588013535","--","--","--","--","--","--","--","--","--","--","--","--","--","--","--","--","--","--","--","--","--","--","--","--","--","--","--","--","--","--","--","--","--"
"INTL.4417-1-GHA-QBTU.A","        Ghana","0","0","0","0","0","0","0","0","0","0","0","0","0","0","0","0","0","0","0","0","0","0","0","0","0","0","0","0","0","0","0","0","0","0","0","0","0","0","0","0","0","0","0","0"
"INTL.4417-1-GIB-QBTU.A","        Gibraltar","0","0","0","0","0","0","0","0","0","0","0","0","0","0","0","0","0","0","0","0","0","0","0","0","0","0","0","0","0","0","0","0","0","0","0","0","0","0","0","0","0","0","0","0"
"INTL.4417-1-GRC-QBTU.A","        Greece","0","0","0","0","0","0","0","0","0","0","0","0","0","0","0","0","0","0","0","0","0","0","0","0","0","0","0","0","0","0","0","0","0","0","0","0","0","0","0","0","0","0","0","0"
"INTL.4417-1-GRL-QBTU.A","        Greenland","0","0","0","0","0","0","0","0","0","0","0","0","0","0","0","0","0","0","0","0","0","0","0","0","0","0","0","0","0","0","0","0","0","0","0","0","0","0","0","0","0","0","0","0"
"INTL.4417-1-GRD-QBTU.A","        Grenada","0","0","0","0","0","0","0","0","0","0","0","0","0","0","0","0","0","0","0","0","0","0","0","0","0","0","0","0","0","0","0","0","0","0","0","0","0","0","0","0","0","0","0","0"
"INTL.4417-1-GLP-QBTU.A","        Guadeloupe","0","0","0","0","0","0","0","0","0","0","0","0","0","0","0","0","0","0","0","0","0","0","0","0","0","0","0","0","0","0","0","ie","ie","ie","ie","ie","ie","ie","ie","ie","ie","ie","ie","ie"
"INTL.4417-1-GUM-QBTU.A","        Guam","0","0","0","0","0","0","0","0","0","0","0","0","0","0","0","0","0","0","0","0","0","0","0","0","0","0","0","0","0","0","0","0","0","0","0","0","0","0","0","0","0","0","0","0"
"INTL.4417-1-GTM-QBTU.A","        Guatemala","0","0","0","0","0","0","0","0","0","0","0","0","0","0","0","0","0","0","0","0","0","0","0","0","0","0","0","0","0","0","0","0","0","0","0","0","0","0","0","0","0","0","0","0"
"INTL.4417-1-GIN-QBTU.A","        Guinea","0","0","0","0","0","0","0","0","0","0","0","0","0","0","0","0","0","0","0","0","0","0","0","0","0","0","0","0","0","0","0","0","0","0","0","0","0","0","0","0","0","0","0","0"
"INTL.4417-1-GNB-QBTU.A","        Guinea-Bissau","0","0","0","0","0","0","0","0","0","0","0","0","0","0","0","0","0","0","0","0","0","0","0","0","0","0","0","0","0","0","0","0","0","0","0","0","0","0","0","0","0","0","0","0"
"INTL.4417-1-GUY-QBTU.A","        Guyana","0","0","0","0","0","0","0","0","0","0","0","0","0","0","0","0","0","0","0","0","0","0","0","0","0","0","0","0","0","0","0","0","0","0","0","0","0","0","0","0","0","0","0","0"
"INTL.4417-1-HTI-QBTU.A","        Haiti","0","0","0","0","0","0","0","0","0","0","0","0","0","0","0","0","0","0","0","0","0","0","0","0","0","0","0","0","0","0","0","0","0","0","0","0","0","0","0","0","0","0","0","0"
"INTL.4417-1-HITZ-QBTU.A","        Hawaiian Trade Zone","0","0","0","0","0","0","0","--","--","--","--","--","--","--","--","--","--","--","--","--","--","--","--","--","--","--","--","--","--","--","--","--","--","--","--","--","--","--","--","--","--","--","--","--"
"INTL.4417-1-HND-QBTU.A","        Honduras","0","0","0","0","0","0","0","0","0","0","0","0","0","0","0","0","0","0","0","0","0","0","0","0","0","0","0","0","0","0","0","0","0","0","0","0","0","0","0","0","0","0","0","0"
"INTL.4417-1-HKG-QBTU.A","        Hong Kong","0","0","0","0","0","0","0","0","0","0","0","0","0","0","0","0","0","0","0","0","0","0","0","0","0","0","0","0","0","0","0","0","0","0","0","0","0","0","0","0","0","0","0","0"
"INTL.4417-1-HUN-QBTU.A","        Hungary","0","0","0.00005687236069049998","0.026513894553911094","0.04036090332347681","0.06945168684036994","0.07957580707814758","0.11774955661599318","0.1441132649358881","0.14889012321645578","0.14835557002791608","0.1312530481266479","0.13356809422090626","0.13192044571936917","0.13434313139159276","0.13411900473341515","0.13559124319893204","0.1335882250565085","0.13338691670048602","0.13478600977484217","0.13559124319893204","0.13507790689107474","0.13341711295388942","0.10528427019974977","0.11393046409091469","0.13106180518842656","0.1258982458564503","0.13953688697697236","0.13956708323037575","0.14391534372046103","0.14895811803882378","0.14807236127232493","0.14914936097704512","0.1453345676304194","0.1487467442650002","0.15053838863360014","0.15261186470063154","0.15314533184409107","0.1495217814356867","0.15502756497290113","0.15271095238293764","0.15208690295381888","0.15051671388295218","0.15184008332331903"
"INTL.4417-1-ISL-QBTU.A","        Iceland","0","0","0","0","0","0","0","0","0","0","0","0","0","0","0","0","0","0","0","0","0","0","0","0","0","0","0","0","0","0","0","0","0","0","0","0","0","0","0","0","0","0","0","0"
"INTL.4417-1-IND-QBTU.A","        India","0.03415941790867062","0.03440526811356165","0.023016835395977927","0.039759730369645745","0.04439224265861738","0.054802314765848896","0.05523640278422282","0.055376448597324594","0.06057500438195364","0.04435164097329939","0.06548869934241655","0.0612360218198438","0.07158184326012186","0.07051188513668764","0.05643938271820249","0.07750982574221177","0.08902831377820608","0.12538354164181315","0.12766324239893703","0.13777257674297333","0.17023269527615284","0.22078187755054388","0.21503077298040357","0.19820122486988775","0.1821465624277698","0.19106815866249283","0.18986420723218775","0.19206436474558514","0.1819358276784712","0.22762916120551308","0.3214430185868022","0.3953890014749849","0.40247947850456384","0.41619285778736037","0.43897962346147257","0.45493279131869524","0.4580442927646782","0.46323890838575665","0.45680000111590824","0.5614050631226956","0.5076576342544735","0.5584575954059985","0.5475876341437447","0.5717694454578098"
"INTL.4417-1-IDN-QBTU.A","        Indonesia","0","0","0","0","0","0","0","0","0","0","0","0","0","0","0","0","0","0","0","0","0","0","0","0","0","0","0","0","0","0","0","0","0","0","0","0","0","0","0","0","0","0","0","0"
"INTL.4417-1-IRN-QBTU.A","        Iran","0","0","0","0","0","0","0","0","0","0","0","0","0","0","0","0","0","0","0","0","0","0","0","0","0","0","0","0","0","0","0","0.0010132640591445363","0.01373076194432596","0.040258635378480415","0.03850403424749238","0.033065494501471705","0.06125077843236972","0.06582080612769507","0.06513840380214876","0.060651091540222954","0.05988597378127708","0.03345966765287649","0.062121657372831256","0.06277306623010295"
"INTL.4417-1-IRQ-QBTU.A","        Iraq","0","0","0","0","0","0","0","0","0","0","0","0","0","0","0","0","0","0","0","0","0","0","0","0","0","0","0","0","0","0","0","0","0","0","0","0","0","0","0","0","0","0","0","0"
"INTL.4417-1-IRL-QBTU.A","        Ireland","0","0","0","0","0","0","0","0","0","0","0","0","0","0","0","0","0","0","0","0","0","0","0","0","0","0","0","0","0","0","0","0","0","0","0","0","0","0","0","0","0","0","0","0"
"INTL.4417-1-ISR-QBTU.A","        Israel","0","0","0","0","0","0","0","0","0","0","0","0","0","0","0","0","0","0","0","0","0","0","0","0","0","0","0","0","0","0","0","0","0","0","0","0","0","0","0","0","0","0","0","0"
"INTL.4417-1-ITA-QBTU.A","        Italy","0.02508794936496201","0.030862545060185376","0.07990362668547148","0.06631079846657754","0.07889116765974273","0.08003152899451373","0.1006065590346373","0.0005900334914478848","0","0","0","0","0","0","0","0","0","0","0","0","0","0","0","0","0","0","0","0","0","0","0","0","0","0","0","0","0","0","0","0","0","0","0","0"
"INTL.4417-1-JAM-QBTU.A","        Jamaica","0","0","0","0","0","0","0","0","0","0","0","0","0","0","0","0","0","0","0","0","0","0","0","0","0","0","0","0","0","0","0","0","0","0","0","0","0","0","0","0","0","0","0","0"
"INTL.4417-1-JPN-QBTU.A","        Japan","0.8467089576800523","0.8908680246598801","1.0163897248864588","1.1262717199312031","1.358818703624507","1.5933145582126593","1.690420754952255","2.0079615316165658","1.8514056032034802","1.8579638114253407","1.9741210769476039","2.0786530319198224","2.1740742427180573","2.423440155541098","2.614589947896089","2.831888621800822","2.9345160674225768","3.128120379063159","3.210541001183518","3.0586096014930173","3.1111007255946412","3.0927624243229355","2.8533129030071493","2.313680902807212","2.7226938048928613","2.847626960877809","2.9597038859909666","2.713977258059446","2.44918537058422","2.670084839600818","2.8255032192810794","1.554488620510614","0.15325722884717594","0.1056695268688041","0","0.03300688106851178","0.15095736922488634","0.28332682399198006","0.4811701939878229","0.642711284827884","0.42316185670453843","0.6188561847717566","0.520597490386995","0.7788792888331254"
"INTL.4417-1-JOR-QBTU.A","        Jordan","0","0","0","0","0","0","0","0","0","0","0","0","0","0","0","0","0","0","0","0","0","0","0","0","0","0","0","0","0","0","0","0","0","0","0","0","0","0","0","0","0","0","0","0"
"INTL.4417-1-KAZ-QBTU.A","        Kazakhstan","--","--","--","--","--","--","--","--","--","--","--","--","0.005402399245880108","0.004321919396704087","0.004219558147834779","0.0011373472096589702","0.0010236124886930731","0.003241439547528065","0.0011373472096589702","0.000011373472096589702","0","0","0","0","0","0","0","0","0","0","0","0","0","0","0","0","0","0","0","0","0","0","0","0"
"INTL.4417-1-KEN-QBTU.A","        Kenya","0","0","0","0","0","0","0","0","0","0","0","0","0","0","0","0","0","0","0","0","0","0","0","0","0","0","0","0","0","0","0","0","0","0","0","0","0","0","0","0","0","0","0","0"
"INTL.4417-1-KIR-QBTU.A","        Kiribati","0","0","0","0","0","0","0","0","0","0","0","0","0","0","0","0","0","0","0","0","0","0","0","0","0","0","0","0","0","0","0","0","0","0","0","0","0","0","0","0","0","0","0","0"
"INTL.4417-1-XKS-QBTU.A","        Kosovo","--","--","--","--","--","--","--","--","--","--","--","--","--","--","--","--","--","--","--","--","--","--","--","--","--","--","--","--","0","0","0","0","0","0","0","0","0","0","0","0","0","0","0","0"
"INTL.4417-1-KWT-QBTU.A","        Kuwait","0","0","0","0","0","0","0","0","0","0","0","0","0","0","0","0","0","0","0","0","0","0","0","0","0","0","0","0","0","0","0","0","0","0","0","0","0","0","0","0","0","0","0","0"
"INTL.4417-1-KGZ-QBTU.A","        Kyrgyzstan","--","--","--","--","--","--","--","--","--","--","--","--","0","0","0","0","0","0","0","0","0","0","0","0","0","0","0","0","0","0","0","0","0","0","0","0","0","0","0","0","0","0","0","0"
"INTL.4417-1-LAO-QBTU.A","        Laos","0","0","0","0","0","0","0","0","0","0","0","0","0","0","0","0","0","0","0","0","0","0","0","0","0","0","0","0","0","0","0","0","0","0","0","0","0","0","0","0","0","0","0","0"
"INTL.4417-1-LVA-QBTU.A","        Latvia","--","--","--","--","--","--","--","--","--","--","--","--","0","0","0","0","0","0","0","0","0","0","0","0","0","0","0","0","0","0","0","0","0","0","0","0","0","0","0","0","0","0","0","0"
"INTL.4417-1-LBN-QBTU.A","        Lebanon","0","0","0","0","0","0","0","0","0","0","0","0","0","0","0","0","0","0","0","0","0","0","0","0","0","0","0","0","0","0","0","0","0","0","0","0","0","0","0","0","0","0","0","0"
"INTL.4417-1-LSO-QBTU.A","        Lesotho","0","0","0","0","0","0","0","0","0","0","0","0","0","0","0","0","0","0","0","0","0","0","0","0","0","0","0","0","0","0","0","0","0","0","0","0","0","0","0","0","0","0","0","0"
"INTL.4417-1-LBR-QBTU.A","        Liberia","0","0","0","0","0","0","0","0","0","0","0","0","0","0","0","0","0","0","0","0","0","0","0","0","0","0","0","0","0","0","0","0","0","0","0","0","0","0","0","0","0","0","0","0"
"INTL.4417-1-LBY-QBTU.A","        Libya","0","0","0","0","0","0","0","0","0","0","0","0","0","0","0","0","0","0","0","0","0","0","0","0","0","0","0","0","0","0","0","0","0","0","0","0","0","0","0","0","0","0","0","0"
"INTL.4417-1-LTU-QBTU.A","        Lithuania","--","--","--","--","--","--","--","--","--","--","--","--","0.14790194919876304","0.1306804893605509","0.07806706345235359","0.11345902952233877","0.1351058180496271","0.11569835247343757","0.13730248723022878","0.09990579394687894","0.08528621410899112","0.11510119968647789","0.14326335165720128","0.1568592410031582","0.15298841133054458","0.10177189640612794","0.08472105164990429","0.09677074181534064","0.09746386558591884","0.1069010123084066","0","0","0","0","0","0","0","0","0","0","0","0","0","0"
"INTL.4417-1-LUX-QBTU.A","        Luxembourg","0","0","0","0","0","0","0","0","0","0","0","0","0","0","0","0","0","0","0","0","0","0","0","0","0","0","0","0","0","0","0","0","0","0","0","0","0","0","0","0","0","0","0","0"
"INTL.4417-1-MAC-QBTU.A","        Macau","0","0","0","0","0","0","0","0","0","0","0","0","0","0","0","0","0","0","0","0","0","0","0","0","0","0","0","0","0","0","0","0","0","0","0","0","0","0","0","0","0","0","0","0"
"INTL.4417-1-MDG-QBTU.A","        Madagascar","0","0","0","0","0","0","0","0","0","0","0","0","0","0","0","0","0","0","0","0","0","0","0","0","0","0","0","0","0","0","0","0","0","0","0","0","0","0","0","0","0","0","0","0"
"INTL.4417-1-MWI-QBTU.A","        Malawi","0","0","0","0","0","0","0","0","0","0","0","0","0","0","0","0","0","0","0","0","0","0","0","0","0","0","0","0","0","0","0","0","0","0","0","0","0","0","0","0","0","0","0","0"
"INTL.4417-1-MYS-QBTU.A","        Malaysia","0","0","0","0","0","0","0","0","0","0","0","0","0","0","0","0","0","0","0","0","0","0","0","0","0","0","0","0","0","0","0","0","0","0","0","0","0","0","0","0","0","0","0","0"
"INTL.4417-1-MDV-QBTU.A","        Maldives","0","0","0","0","0","0","0","0","0","0","0","0","0","0","0","0","0","0","0","0","0","0","0","0","0","0","0","0","0","0","0","0","0","0","0","0","0","0","0","0","0","0","0","0"
"INTL.4417-1-MLI-QBTU.A","        Mali","0","0","0","0","0","0","0","0","0","0","0","0","0","0","0","0","0","0","0","0","0","0","0","0","0","0","0","0","0","0","0","0","0","0","0","0","0","0","0","0","0","0","0","0"
"INTL.4417-1-MLT-QBTU.A","        Malta","0","0","0","0","0","0","0","0","0","0","0","0","0","0","0","0","0","0","0","0","0","0","0","0","0","0","0","0","0","0","0","0","0","0","0","0","0","0","0","0","0","0","0","0"
"INTL.4417-1-MTQ-QBTU.A","        Martinique","0","0","0","0","0","0","0","0","0","0","0","0","0","0","0","0","0","0","0","0","0","0","0","0","0","0","0","0","0","0","0","ie","ie","ie","ie","ie","ie","ie","ie","ie","ie","ie","ie","ie"
"INTL.4417-1-MRT-QBTU.A","        Mauritania","0","0","0","0","0","0","0","0","0","0","0","0","0","0","0","0","0","0","0","0","0","0","0","0","0","0","0","0","0","0","0","0","0","0","0","0","0","0","0","0","0","0","0","0"
"INTL.4417-1-MUS-QBTU.A","        Mauritius","0","0","0","0","0","0","0","0","0","0","0","0","0","0","0","0","0","0","0","0","0","0","0","0","0","0","0","0","0","0","0","0","0","0","0","0","0","0","0","0","0","0","0","0"
"INTL.4417-1-MEX-QBTU.A","        Mexico","0","0","0","0","0","0","0","0","0","0","0.028724242302290585","0.04056363373852692","0.037473550473582064","0.047149557390815514","0.04053343748512355","0.08073471618281003","0.07532958682360681","0.10002005668976229","0.08857567664988508","0.09564159994627364","0.078610913026773","0.0834423135713122","0.0932057688384018","0.10040254256620497","0.08791135907501095","0.10385498087199026","0.10468034513168237","0.10012071086777351","0.094202245200713","0.10174124313375436","0.056980330172159026","0.09726213221225449","0.08464009828964587","0.11451425832337984","0.09363858180385011","0.11250117476315517","0.10339197165313858","0.10641159699347558","0.13404116885755904","0.10952181109402268","0.10937272751639304","0.1168180407466593","0.10607835011451339","0.12197501573170115"
"INTL.4417-1-FSM-QBTU.A","        Micronesia","0","0","0","0","0","0","0","0","0","0","0","0","0","0","0","0","0","0","0","0","0","0","0","0","0","0","0","0","0","0","0","0","0","0","0","0","0","0","NA","NA","NA","NA","NA","NA"
"INTL.4417-1-MDA-QBTU.A","        Moldova","--","--","--","--","--","--","--","--","--","--","--","--","0","0","0","0","0","0","0","0","0","0","0","0","0","0","0","0","0","0","0","0","0","0","0","0","0","0","0","0","0","0","0","0"
"INTL.4417-1-MNG-QBTU.A","        Mongolia","0","0","0","0","0","0","0","0","0","0","0","0","0","0","0","0","0","0","0","0","0","0","0","0","0","0","0","0","0","0","0","0","0","0","0","0","0","0","0","0","0","0","0","0"
"INTL.4417-1-MNE-QBTU.A","        Montenegro","--","--","--","--","--","--","--","--","--","--","--","--","--","--","--","--","--","--","--","--","--","--","--","--","--","--","0","0","0","0","0","0","0","0","0","0","0","0","0","0","0","0","0","0"
"INTL.4417-1-MSR-QBTU.A","        Montserrat","0","0","0","0","0","0","0","0","0","0","0","0","0","0","0","0","0","0","0","0","0","0","0","0","0","0","0","0","0","0","0","0","0","0","0","0","0","0","0","0","0","0","0","0"
"INTL.4417-1-MAR-QBTU.A","        Morocco","0","0","0","0","0","0","0","0","0","0","0","0","0","0","0","0","0","0","0","0","0","0","0","0","0","0","0","0","0","0","0","0","0","0","0","0","0","0","0","0","0","0","0","0"
"INTL.4417-1-MOZ-QBTU.A","        Mozambique","0","0","0","0","0","0","0","0","0","0","0","0","0","0","0","0","0","0","0","0","0","0","0","0","0","0","0","0","0","0","0","0","0","0","0","0","0","0","0","0","0","0","0","0"
"INTL.4417-1-NAM-QBTU.A","        Namibia","--","--","--","--","--","--","--","--","--","--","0","0","0","0","0","0","0","0","0","0","0","0","0","0","0","0","0","0","0","0","0","0","0","0","0","0","0","0","0","0","0","0","0","0"
"INTL.4417-1-NRU-QBTU.A","        Nauru","0","0","0","0","0","0","0","0","0","0","0","0","0","0","0","0","0","0","0","0","0","0","0","0","0","0","0","0","0","0","0","0","0","0","0","0","0","0","0","0","0","0","0","0"
"INTL.4417-1-NPL-QBTU.A","        Nepal","0","0","0","0","0","0","0","0","0","0","0","0","0","0","0","0","0","0","0","0","0","0","0","0","0","0","0","0","0","0","0","0","0","0","0","0","0","0","0","0","0","0","0","0"
"INTL.4417-1-NLD-QBTU.A","        Netherlands","0.0416386313601435","0.036230448874209356","0.03875496066308966","0.03559042930791086","0.036824596536430595","0.03875496066308966","0.04181797180430931","0.03544275117800252","0.036581982465866886","0.039957482578057604","0.035094652728932856","0.03316543164972005","0.03786290663520048","0.03932722912213641","0.03951960540240117","0.040022906293702636","0.04143844005048804","0.022261551465220224","0.035219913082311295","0.03538517350803564","0.036260081644223334","0.03671697811534357","0.03615314842757817","0.03712526857889783","0.03529768269441687","0.03666837210777759","0.031817492552692485","0.038826478843707234","0.03824320675291544","0.03905978768002395","0.03647394807751366","0.038058503924164704","0.0363670148608685","0.026606928541619106","0.03765021346061045","0.0374946742363993","0.03645353355433595","0.03186318219980451","0.03300833973805907","0.03597136195928139","0.03757147064921979","0.03517325030552825","0.038204262523139736","0.03662060107248112"
"INTL.4417-1-NLDA-QBTU.A","        Netherlands Antilles","0","0","0","0","0","0","0","0","0","0","0","0","0","0","0","0","0","0","0","0","0","0","0","0","0","0","0","0","0","0","0","0","0","0","0","0","0","0","0","0","0","0","0","0"
"INTL.4417-1-NCL-QBTU.A","        New Caledonia","0","0","0","0","0","0","0","0","0","0","0","0","0","0","0","0","0","0","0","0","0","0","0","0","0","0","0","0","0","0","0","0","0","0","0","0","0","0","0","0","0","0","0","0"
"INTL.4417-1-NZL-QBTU.A","        New Zealand","0","0","0","0","0","0","0","0","0","0","0","0","0","0","0","0","0","0","0","0","0","0","0","0","0","0","0","0","0","0","0","0","0","0","0","0","0","0","0","0","0","0","0","0"
"INTL.4417-1-NIC-QBTU.A","        Nicaragua","0","0","0","0","0","0","0","0","0","0","0","0","0","0","0","0","0","0","0","0","0","0","0","0","0","0","0","0","0","0","0","0","0","0","0","0","0","0","0","0","0","0","0","0"
"INTL.4417-1-NER-QBTU.A","        Niger","0","0","0","0","0","0","0","0","0","0","0","0","0","0","0","0","0","0","0","0","0","0","0","0","0","0","0","0","0","0","0","0","0","0","0","0","0","0","0","0","0","0","0","0"
"INTL.4417-1-NGA-QBTU.A","        Nigeria","0","0","0","0","0","0","0","0","0","0","0","0","0","0","0","0","0","0","0","0","0","0","0","0","0","0","0","0","0","0","0","0","0","0","0","0","0","0","0","0","0","0","0","0"
"INTL.4417-1-NIU-QBTU.A","        Niue","0","0","0","0","0","0","0","0","0","0","0","0","0","0","0","0","0","0","0","0","0","0","0","0","0","0","0","0","0","0","0","0","0","0","0","0","0","0","0","0","0","0","0","0"
"INTL.4417-1-PRK-QBTU.A","        North Korea","0","0","0","0","0","0","0","0","0","0","0","0","0","0","0","0","0","0","0","0","0","0","0","0","0","0","0","0","0","0","0","0","0","0","0","0","0","0","0","0","0","0","0","0"
"INTL.4417-1-MKD-QBTU.A","        North Macedonia","--","--","--","--","--","--","--","--","--","--","--","--","0","0","0","0","0","0","0","0","0","0","0","0","0","0","0","0","0","0","0","0","0","0","0","0","0","0","0","0","0","0","0","0"
"INTL.4417-1-MNP-QBTU.A","        Northern Mariana Islands","NA","NA","NA","NA","NA","NA","NA","NA","NA","NA","NA","NA","NA","NA","NA","NA","NA","NA","NA","NA","NA","NA","NA","NA","NA","NA","NA","NA","NA","NA","NA","NA","NA","NA","NA","NA","NA","NA","NA","NA","NA","ie","ie","ie"
"INTL.4417-1-NOR-QBTU.A","        Norway","0","0","0","0","0","0","0","0","0","0","0","0","0","0","0","0","0","0","0","0","0","0","0","0","0","0","0","0","0","0","0","0","0","0","0","0","0","0","0","0","0","0","0","0"
"INTL.4417-1-OMN-QBTU.A","        Oman","0","0","0","0","0","0","0","0","0","0","0","0","0","0","0","0","0","0","0","0","0","0","0","0","0","0","0","0","0","0","0","0","0","0","0","0","0","0","0","0","0","0","0","0"
"INTL.4417-1-PAK-QBTU.A","        Pakistan","0.000023500975491942142","0.0017715735354883193","0.002021083892307024","0.00268982765090573","0.0038272468635534413","0.0038492417765308784","0.004777578310455087","0.005928364077929407","0.0021919149832617273","0.0007777762843831936","0.003930441499015436","0.004297570650022372","0.005647310175783168","0.004170608751271209","0.006003641410584018","0.005372848741656865","0.003628099845245018","0.003995228996251954","0.004103208158312818","0.0007558541344260454","0.004103208158312818","0.021094494267342057","0.019167132600310804","0.01927361667031253","0.02055142551033325","0.02562006724241544","0.02713214103643996","0.024587171763398693","0.018538876587300617","0.028079849259455326","0.02725992192044203","0.04073030608042236","0.05586506462396728","0.046597674658648176","0.04852025533077636","0.04592360558065836","0.057508934113754","0.08561837589655272","0.09808789148834317","0.0957228013168266","0.10140620570611025","0.1675127093584205","0.2370693746112945","0.25596682565750895"
"INTL.4417-1-PSE-QBTU.A","        Palestinian Territories","--","--","--","--","--","--","--","--","--","--","--","--","--","--","--","--","--","0","0","0","0","0","0","0","0","0","0","0","0","0","0","0","0","0","0","0","0","0","0","0","0","0","0","0"
"INTL.4417-1-PAN-QBTU.A","        Panama","0","0","0","0","0","0","0","0","0","0","0","0","0","0","0","0","0","0","0","0","0","0","0","0","0","0","0","0","0","0","0","0","0","0","0","0","0","0","0","0","0","0","0","0"
"INTL.4417-1-PNG-QBTU.A","        Papua New Guinea","0","0","0","0","0","0","0","0","0","0","0","0","0","0","0","0","0","0","0","0","0","0","0","0","0","0","0","0","0","0","0","0","0","0","0","0","0","0","0","0","0","0","0","0"
"INTL.4417-1-PRY-QBTU.A","        Paraguay","0","0","0","0","0","0","0","0","0","0","0","0","0","0","0","0","0","0","0","0","0","0","0","0","0","0","0","0","0","0","0","0","0","0","0","0","0","0","0","0","0","0","0","0"
"INTL.4417-1-PER-QBTU.A","        Peru","0","0","0","0","0","0","0","0","0","0","0","0","0","0","0","0","0","0","0","0","0","0","0","0","0","0","0","0","0","0","0","0","0","0","0","0","0","0","0","0","0","0","0","0"
"INTL.4417-1-PHL-QBTU.A","        Philippines","0","0","0","0","0","0","0","0","0","0","0","0","0","0","0","0","0","0","0","0","0","0","0","0","0","0","0","0","0","0","0","0","0","0","0","0","0","0","0","0","0","0","0","0"
"INTL.4417-1-POL-QBTU.A","        Poland","0","0","0","0","0","0","0","0","0","0","0","0","0","0","0","0","0","0","0","0","0","0","0","0","0","0","0","0","0","0","0","0","0","0","0","0","0","0","0","0","0","0","0","0"
"INTL.4417-1-PRT-QBTU.A","        Portugal","0","0","0","0","0","0","0","0","0","0","0","0","0","0","0","0","0","0","0","0","0","0","0","0","0","0","0","0","0","0","0","0","0","0","0","0","0","0","0","0","0","0","0","0"
"INTL.4417-1-PRI-QBTU.A","        Puerto Rico","0","0","0","0","0","0","0","0","0","0","0","0","0","0","0","0","0","0","0","0","0","0","0","0","0","0","0","0","0","0","0","0","0","0","0","0","0","0","0","0","0","0","0","0"
"INTL.4417-1-QAT-QBTU.A","        Qatar","0","0","0","0","0","0","0","0","0","0","0","0","0","0","0","0","0","0","0","0","0","0","0","0","0","0","0","0","0","0","0","0","0","0","0","0","0","0","0","0","0","0","0","0"
"INTL.4417-1-REU-QBTU.A","        Reunion","0","0","0","0","0","0","0","0","0","0","0","0","0","0","0","0","0","0","0","0","0","0","0","0","0","0","0","0","0","0","0","ie","ie","ie","ie","ie","ie","ie","ie","ie","ie","ie","ie","ie"
"INTL.4417-1-ROU-QBTU.A","        Romania","0","0","0","0","0","0","0","0","0","0","0","0","0","0","0","0","0.010856750648220063","0.06120600552391021","0.0584594265673388","0.05738568199773462","0.06233683751313168","0.060093904412180724","0.06096483056308189","0.05416444828892207","0.06288564029315159","0.06100062204873537","0.06177610423789394","0.08445001039936892","0.12328973758099575","0.12908795825685834","0.12771595130680855","0.1289805837998979","0.12603375148109533","0.12760619075080457","0.12830054557248194","0.12763243784028377","0.12367151342796612","0.1259609754602666","0.12457465191595542","0.12342574522647895","0.12594739712741934","0.12379989539954948","0.12169176453741601","0.12380520092187201"
"INTL.4417-1-RUS-QBTU.A","        Russia","--","--","--","--","--","--","--","--","--","--","--","--","1.2541896196206008","1.2490890479031505","1.0248398396386587","1.0405582420871045","1.1396669059462514","1.1526828462193504","1.0846249212320451","1.2233880810927094","1.3507347170697659","1.382778197148878","1.4772109969195821","1.5546285704125347","1.5129057068310319","1.5147744291540277","1.5918883893719267","1.628692754463579","1.6734617505631937","1.6813834603870594","1.7533565276746321","1.7810415289131096","1.8280392831674936","1.7740225908055092","1.8575942610858338","1.9946899737331447","2.001670336478037","2.067586447561705","1.9764128830772045","2.105803823910437","2.285408494529624","2.3562975236083408","2.3662020726922335","2.2987028355130215"
"INTL.4417-1-RWA-QBTU.A","        Rwanda","0","0","0","0","0","0","0","0","0","0","0","0","0","0","0","0","0","0","0","0","0","0","0","0","0","0","0","0","0","0","0","0","0","0","0","0","0","0","0","0","0","0","0","0"
"INTL.4417-1-SHN-QBTU.A","        Saint Helena","0","0","0","0","0","0","0","0","0","0","0","0","0","0","0","0","0","0","0","0","0","0","0","0","0","0","0","0","0","0","0","0","0","0","0","0","0","0","0","0","0","0","0","0"
"INTL.4417-1-KNA-QBTU.A","        Saint Kitts and Nevis","0","0","0","0","0","0","0","0","0","0","0","0","0","0","0","0","0","0","0","0","0","0","0","0","0","0","0","0","0","0","0","0","0","0","0","0","0","0","0","0","0","0","0","0"
"INTL.4417-1-LCA-QBTU.A","        Saint Lucia","0","0","0","0","0","0","0","0","0","0","0","0","0","0","0","0","0","0","0","0","0","0","0","0","0","0","0","0","0","0","0","0","0","0","0","0","0","0","0","0","0","0","0","0"
"INTL.4417-1-SPM-QBTU.A","        Saint Pierre and Miquelon","0","0","0","0","0","0","0","0","0","0","0","0","0","0","0","0","0","0","0","0","0","0","0","0","0","0","0","0","0","0","0","0","0","0","0","0","0","0","0","0","0","0","0","0"
"INTL.4417-1-VCT-QBTU.A","        Saint Vincent/Grenadines","0","0","0","0","0","0","0","0","0","0","0","0","0","0","0","0","0","0","0","0","0","0","0","0","0","0","0","0","0","0","0","0","0","0","0","0","0","0","0","0","0","0","0","0"
"INTL.4417-1-WSM-QBTU.A","        Samoa","0","0","0","0","0","0","0","0","0","0","0","0","0","0","0","0","0","0","0","0","0","0","0","0","0","0","0","0","0","0","0","0","0","0","0","0","0","0","0","0","0","0","0","0"
"INTL.4417-1-STP-QBTU.A","        Sao Tome and Principe","0","0","0","0","0","0","0","0","0","0","0","0","0","0","0","0","0","0","0","0","0","0","0","0","0","0","0","0","0","0","0","0","0","0","0","0","0","0","0","0","0","0","0","0"
"INTL.4417-1-SAU-QBTU.A","        Saudi Arabia","0","0","0","0","0","0","0","0","0","0","0","0","0","0","0","0","0","0","0","0","0","0","0","0","0","0","0","0","0","0","0","0","0","0","0","0","0","0","0","0","0","0","0","0"
"INTL.4417-1-SEN-QBTU.A","        Senegal","0","0","0","0","0","0","0","0","0","0","0","0","0","0","0","0","0","0","0","0","0","0","0","0","0","0","0","0","0","0","0","0","0","0","0","0","0","0","0","0","0","0","0","0"
"INTL.4417-1-SRB-QBTU.A","        Serbia","--","--","--","--","--","--","--","--","--","--","--","--","--","--","--","--","--","--","--","--","--","--","--","--","--","--","0","0","0","0","0","0","0","0","0","0","0","0","0","0","0","0","0","0"
"INTL.4417-1-SYC-QBTU.A","        Seychelles","0","0","0","0","0","0","0","0","0","0","0","0","0","0","0","0","0","0","0","0","0","0","0","0","0","0","0","0","0","0","0","0","0","0","0","0","0","0","0","0","0","0","0","0"
"INTL.4417-1-SLE-QBTU.A","        Sierra Leone","0","0","0","0","0","0","0","0","0","0","0","0","0","0","0","0","0","0","0","0","0","0","0","0","0","0","0","0","0","0","0","0","0","0","0","0","0","0","0","0","0","0","0","0"
"INTL.4417-1-SGP-QBTU.A","        Singapore","0","0","0","0","0","0","0","0","0","0","0","0","0","0","0","0","0","0","0","0","0","0","0","0","0","0","0","0","0","0","0","0","0","0","0","0","0","0","0","0","0","0","0","0"
"INTL.4417-1-SVK-QBTU.A","        Slovakia","--","--","--","--","--","--","--","--","--","--","--","--","--","0.14312262381578947","0.1419523652400267","0.1284487571205317","0.133081800255538","0.12350842030820355","0.1285366119152588","0.14797623069808205","0.18607170843497692","0.19355575378301493","0.20316921348900294","0.20216855597313801","0.19268613475137042","0.19460406165677818","0.19773707268859336","0.1689234763843457","0.1848084601173427","0.1563809890956043","0.15288884709377526","0.1714976585829738","0.17234677530259662","0.17489412546146507","0.17245440981635163","0.16840017646491312","0.1642263492093024","0.16762281608779364","0.16484823751099797","0.1694406434312115","0.17076258028867872","0.1881259364364486","0.19039827769029","0.20286640246359045"
"INTL.4417-1-SVN-QBTU.A","        Slovenia","--","--","--","--","--","--","--","--","--","--","--","--","0.037853591248532076","0.037753237082973935","0.043001759941664885","0.04574142866140223","0.04375441618335097","0.048019468219572106","0.04803953905268374","0.04499880783627196","0.0456511099123999","0.05053835777508153","0.05328806191137469","0.04980577236650708","0.052304591088904874","0.05633882854434228","0.053077318163702585","0.05447424814827196","0.05993150767132385","0.05479036376978011","0.054000576486837516","0.05922902851241684","0.052625724418690935","0.05053835777508153","0.060824659744791336","0.053910257737835185","0.05450234731462824","0.05988935892178943","0.05509343334976571","0.05552595980332131","0.06062372110999747","0.05437950193412387","0.053296618643754075","0.05375229008754378"
"INTL.4417-1-SLB-QBTU.A","        Solomon Islands","0","0","0","0","0","0","0","0","0","0","0","0","0","0","0","0","0","0","0","0","0","0","0","0","0","0","0","0","0","0","0","0","0","0","0","0","0","0","0","0","0","0","0","0"
"INTL.4417-1-SOM-QBTU.A","        Somalia","0","0","0","0","0","0","0","0","0","0","0","0","0","0","0","0","0","0","0","0","0","0","0","0","0","0","0","0","0","0","0","0","0","0","0","0","0","0","0","0","0","0","0","0"
"INTL.4417-1-ZAF-QBTU.A","        South Africa","0","0","0","0","0.040460579460890975","0.05478929422538485","0.09074509069916516","0.06357207478606743","0.10816633383009656","0.11441324113030037","0.08709590722676888","0.09176384898636726","0.09320894897040455","0.07280694711243378","0.09731343434173265","0.11341024249725902","0.11816702994471506","0.12691791318138526","0.13649170057563223","0.12882464232699","0.1305607693911459","0.10756963006177502","0.12032464450421516","0.1270784798462783","0.14330574841703023","0.12281342781005715","0.1010967863832747","0.1264552804781622","0.12792847962855577","0.1161479041336852","0.12945587002835074","0.12984323710740517","0.12441909445898745","0.1366291857824469","0.14815285461348862","0.11003834253450537","0.15262865039738185","0.1514043295775725","0.10601414049562377","0.13651177140874385","0.11657481532474682","0.12196399199154899","0.1012502851314686","0.08155018505087856"
"INTL.4417-1-KOR-QBTU.A","        South Korea","0.03250263513798308","0.027082724165216183","0.0353031863848672","0.0893011877648157","0.1174692859823593","0.16446598674831453","0.2780705023095711","0.3861511285820693","0.39387415115371066","0.468957355750343","0.506859812034193","0.5396665335423672","0.5417648724334189","0.5571795927484527","0.5591375150880138","0.6390064325466349","0.7016999688919459","0.7290607503942141","0.8499891536313033","0.9809625614104797","1.0371156405236281","1.0652369985610537","1.1295307281919835","1.226992588401662","1.2368733115923756","1.3648622214223027","1.4004643037879154","1.3550317216662922","1.4309775401647962","1.3999087962335899","1.402175817252396","1.4601724194445558","1.4092053362119414","1.3004039405725947","1.4643472147020806","1.5385128904736676","1.5053140734381678","1.3792160138877363","1.240585954751893","1.343025119855392","1.4634980721394981","1.443079800982365","1.6044126988806344","1.654540586477185"
"INTL.4417-1-SSD-QBTU.A","        South Sudan","--","--","--","--","--","--","--","--","--","--","--","--","--","--","--","--","--","--","--","--","--","--","--","--","--","--","--","--","--","--","--","--","0","0","0","0","0","0","0","0","0","0","0","0"
"INTL.4417-1-ESP-QBTU.A","        Spain","0.05864053608493632","0.10663978646529479","0.09776562411148444","0.11711594631573417","0.25111684550175667","0.3021758678888829","0.4036482548628019","0.44467038263276154","0.5205079805431833","0.5791587400524794","0.5233565287823541","0.5359848969678889","0.5379542727138645","0.5406342479558108","0.5334267387823947","0.5347971806674808","0.5432431632481601","0.5333049217259426","0.5689161078954411","0.567555817431726","0.5999083973411308","0.6143944756375601","0.6077148403754364","0.596710699609263","0.6134097877645723","0.5581819949377366","0.576878224223923","0.5295013877646778","0.5670223636604215","0.5081101926403068","0.5965246547948083","0.5548291011879036","0.5908996222677386","0.5420938378303028","0.5469502215958598","0.5449001907440059","0.5582851009175186","0.5527122015144204","0.529763797900948","0.5555384576402773","0.5548039319769772","0.5377139361007645","0.5575428103806821","0.5400741174142168"
"INTL.4417-1-LKA-QBTU.A","        Sri Lanka","0","0","0","0","0","0","0","0","0","0","0","0","0","0","0","0","0","0","0","0","0","0","0","0","0","0","0","0","0","0","0","0","0","0","0","0","0","0","0","0","0","0","0","0"
"INTL.4417-1-SDN-QBTU.A","        Sudan","0","0","0","0","0","0","0","0","0","0","0","0","0","0","0","0","0","0","0","0","0","0","0","0","0","0","0","0","0","0","0","0","0","0","0","0","0","0","0","0","0","0","0","0"
"INTL.4417-1-SUR-QBTU.A","        Suriname","0","0","0","0","0","0","0","0","0","0","0","0","0","0","0","0","0","0","0","0","0","0","0","0","0","0","0","0","0","0","0","0","0","0","0","0","0","0","0","0","0","0","0","0"
"INTL.4417-1-SWE-QBTU.A","        Sweden","0.2601601688771995","0.36119813481892166","0.3740787064730624","0.39416951341377643","0.48958324190143115","0.558198982042847","0.6689346505223568","0.6435010518099838","0.6560028207405644","0.62816888239352","0.6478516673978258","0.7358236129876966","0.6091283140467106","0.5885236787777163","0.7012639284645302","0.6696871605519739","0.711236431688902","0.669626681263565","0.7046240294895267","0.7008440739639693","0.5488495423109512","0.6905121955274454","0.6522187260831974","0.6455559244768146","0.7577863319891078","0.7017807697683749","0.6561618475500401","0.6488986066617801","0.6186604871521079","0.5047140459430058","0.5610679595200063","0.5852754003363154","0.6192364225148626","0.6414669223311732","0.6272248779842446","0.5481674108516482","0.6104713116526239","0.6358401208156752","0.6640254537486072","0.6470338954532799","0.4734619117014394","0.5108238756055525","0.5015170141719512","0.4675691693569076"
"INTL.4417-1-CHE-QBTU.A","        Switzerland","0.13592469804016646","0.14387369599172325","0.14202631930975454","0.14744177209746853","0.1743082432863324","0.21323361102277638","0.21345689229086307","0.21744405779241088","0.22845926701802027","0.22905468373291807","0.23835806990319627","0.22824263402589404","0.2347987861624095","0.23381852547318774","0.24395842636599785","0.24297743829658355","0.24539180184836779","0.24800136926178565","0.25211092424354603","0.25211092424354603","0.2581211484043706","0.26167591346359337","0.26580601622026256","0.26828202309677324","0.26311425770720953","0.22714126817436986","0.270952206446172","0.2721460321683734","0.26994536547564074","0.26986317437600554","0.2589533332881771","0.26260056333448945","0.25011779007739227","0.2555218548784072","0.27092241217255425","0.22700154330499","0.20789211263980417","0.20033053147336502","0.2508266883117459","0.26122908324630895","0.23869642062150992","0.1905324730183225","0.23998523443191289","0.24227990569092092"
"INTL.4417-1-SYR-QBTU.A","        Syria","0","0","0","0","0","0","0","0","0","0","0","0","0","0","0","0","0","0","0","0","0","0","0","0","0","0","0","0","0","0","0","0","0","0","0","0","0","0","0","0","0","0","0","0"
"INTL.4417-1-TWN-QBTU.A","        Taiwan","0.07839667413402243","0.10599688677944664","0.13633001159715358","0.19515098521579433","0.25244059808483654","0.29380056522202597","0.2755349679821609","0.33881747428565406","0.31348339713327894","0.28919206727585545","0.3361340537756996","0.34853931720147435","0.334262206126976","0.339295718460887","0.3443957977978993","0.3487917384871216","0.3732067271994076","0.35821216052099136","0.3641031783223302","0.3753729383675807","0.38026943724145856","0.35047823425115304","0.3906406553359155","0.384109385432226","0.39002041679069893","0.39477985874833993","0.39377740313783866","0.4003817584752002","0.4032232016194486","0.4105732259084638","0.4111421071219108","0.4159598198982903","0.3992212803054081","0.41124778470843654","0.41865114161121236","0.36020353513450865","0.3127009661706867","0.22168095966015872","0.27513372240802997","0.32437878350021254","0.31552475109961303","0.2788713250277268","0.22998838183743342","0.17865524276407943"
"INTL.4417-1-TJK-QBTU.A","        Tajikistan","--","--","--","--","--","--","--","--","--","--","--","--","0","0","0","0","0","0","0","0","0","0","0","0","0","0","0","0","0","0","0","0","0","0","0","0","0","0","0","0","0","0","0","0"
"INTL.4417-1-TZA-QBTU.A","        Tanzania","0","0","0","0","0","0","0","0","0","0","0","0","0","0","0","0","0","0","0","0","0","0","0","0","0","0","0","0","0","0","0","0","0","0","0","0","0","0","0","0","0","0","0","0"
"INTL.4417-1-THA-QBTU.A","        Thailand","0","0","0","0","0","0","0","0","0","0","0","0","0","0","0","0","0","0","0","0","0","0","0","0","0","0","0","0","0","0","0","0","0","0","0","0","0","0","0","0","0","0","0","0"
"INTL.4417-1-BHS-QBTU.A","        The Bahamas","0","0","0","0","0","0","0","0","0","0","0","0","0","0","0","0","0","0","0","0","0","0","0","0","0","0","0","0","0","0","0","0","0","0","0","0","0","0","0","0","0","0","0","0"
"INTL.4417-1-TLS-QBTU.A","        Timor-Leste","--","--","--","--","--","--","--","--","--","--","--","--","--","--","--","--","--","--","--","--","--","--","--","0","0","0","0","0","0","0","0","0","0","0","0","0","0","0","0","0","0","0","0","0"
"INTL.4417-1-TGO-QBTU.A","        Togo","0","0","0","0","0","0","0","0","0","0","0","0","0","0","0","0","0","0","0","0","0","0","0","0","0","0","0","0","0","0","0","0","0","0","0","0","0","0","0","0","0","0","0","0"
"INTL.4417-1-TON-QBTU.A","        Tonga","0","0","0","0","0","0","0","0","0","0","0","0","0","0","0","0","0","0","0","0","0","0","0","0","0","0","0","0","0","0","0","0","0","0","0","0","0","0","0","0","0","0","0","0"
"INTL.4417-1-TTO-QBTU.A","        Trinidad and Tobago","0","0","0","0","0","0","0","0","0","0","0","0","0","0","0","0","0","0","0","0","0","0","0","0","0","0","0","0","0","0","0","0","0","0","0","0","0","0","0","0","0","0","0","0"
"INTL.4417-1-TUN-QBTU.A","        Tunisia","0","0","0","0","0","0","0","0","0","0","0","0","0","0","0","0","0","0","0","0","0","0","0","0","0","0","0","0","0","0","0","0","0","0","0","0","0","0","0","0","0","0","0","0"
"INTL.4417-1-TUR-QBTU.A","        Turkiye","0","0","0","0","0","0","0","0","0","0","0","0","0","0","0","0","0","0","0","0","0","0","0","0","0","0","0","0","0","0","0","0","0","0","0","0","0","0","0","0","0","0","0","0"
"INTL.4417-1-TKM-QBTU.A","        Turkmenistan","--","--","--","--","--","--","--","--","--","--","--","--","0","0","0","0","0","0","0","0","0","0","0","0","0","0","0","0","0","0","0","0","0","0","0","0","0","0","0","0","0","0","0","0"
"INTL.4417-1-TCA-QBTU.A","        Turks and Caicos Islands","0","0","0","0","0","0","0","0","0","0","0","0","0","0","0","0","0","0","0","0","0","0","0","0","0","0","0","0","0","0","0","0","0","0","0","0","0","0","0","0","0","0","0","0"
"INTL.4417-1-TUV-QBTU.A","        Tuvalu","0","0","0","0","0","0","0","0","0","0","0","0","0","0","0","0","0","0","0","0","0","0","0","0","0","0","0","0","0","0","0","0","0","0","0","0","0","0","NA","NA","NA","NA","NA","NA"
"INTL.4417-1-USIQ-QBTU.A","        U.S. Pacific Islands","0","0","0","0","0","0","0","0","0","0","0","0","0","0","0","0","0","0","0","0","--","--","--","--","--","--","--","--","--","--","--","--","--","--","--","--","--","--","--","--","--","--","--",""
"INTL.4417-1-USOH-QBTU.A","        U.S. Territories","0","0","0","0","0","0","0","0","0","0","0","0","0","0","0","0","0","0","0","0","0","0","0","0","0","0","0","0","0","0","0","0","0","0","0","0","0","0","0","0","","","0",""
"INTL.4417-1-VIR-QBTU.A","        U.S. Virgin Islands","0","0","0","0","0","0","0","0","0","0","0","0","0","0","0","0","0","0","0","0","0","0","0","0","0","0","0","0","0","0","0","0","0","0","0","0","0","0","0","0","0","0","0","0"
"INTL.4417-1-UGA-QBTU.A","        Uganda","0","0","0","0","0","0","0","0","0","0","0","0","0","0","0","0","0","0","0","0","0","0","0","0","0","0","0","0","0","0","0","0","0","0","0","0","0","0","0","0","0","0","0","0"
"INTL.4417-1-UKR-QBTU.A","        Ukraine","--","--","--","--","--","--","--","--","--","--","--","--","0.7650019641393971","0.7795141965214454","0.7131725627749393","0.7302691185535624","0.8286741770820565","0.8237558162779212","0.7714451923886033","0.7355157659594059","0.776031927677437","0.7840823545321628","0.8028236590839593","0.8391465610757655","0.9031293061001683","0.9108836451817133","0.9273315813180608","0.9526249248095398","0.9225806834300719","0.8513281367145796","0.9168140763384441","0.927178678857298","0.9270913060225763","0.85188513853593","0.9078365175707963","0.8999948056545296","0.8308938149940575","0.8781625185784614","0.8756723927888949","0.8534578495609194","0.8269055233451298","0.9354638667652999","0.6735413630867387","0.5635940288168965"
"INTL.4417-1-ARE-QBTU.A","        United Arab Emirates","0","0","0","0","0","0","0","0","0","0","0","0","0","0","0","0","0","0","0","0","0","0","0","0","0","0","0","0","0","0","0","0","0","0","0","0","0","0","0","0","0.0179739578380356","0.10102949949633208","0.1936892162788526","0.33181070247811933"
"INTL.4417-1-GBR-QBTU.A","        United Kingdom","0.4169586993603507","0.4285799817431916","0.4999863057177585","0.5670023674588077","0.5784847080743742","0.6394118130715217","0.6157100732461387","0.5732776559370737","0.6617221311409741","0.7563863805188209","0.7428289377687273","0.8351210406821609","0.9092795298951778","1.0546550172241154","1.052754834350237","1.0519660589732973","1.119440951368752","1.160540765921379","1.1763857277401235","1.1249051605112725","0.9980270676687727","1.0570680273847224","1.0201398042589","0.9582873975698002","0.777387431750476","0.7706158889694024","0.7097026906895028","0.560417353156265","0.46963839312723227","0.6124023854287396","0.5498761603303995","0.6012837037831377","0.5912300716110103","0.5929312136644658","0.5353327626154017","0.5770560853742854","0.5883859451605904","0.5769865437877135","0.5337334832149182","0.46089002598700163","0.411414800211598","0.36061959799365345","0.37520919108123557","0.32037338617648803"
"INTL.4417-1-USA-QBTU.A","        United States","2.739168687","3.007588734","3.131148173","3.202548979","3.552530566","4.0755629","4.380108667","4.753933331","5.586968249","5.602160969","6.104350276","6.422132372","6.479206249","6.410498911","6.693877124","7.075436106","7.086673918","6.59699193","7.067808773","7.610255595","7.862349471","8.028853134","8.145429196","7.959622147","8.222774019","8.160809705","8.214626466","8.458589234","8.426490562","8.355220104","8.434432677","8.268698496","8.061822158","8.244433126","8.337559005","8.336886237","8.426753002","8.418968232","8.438068207","8.451851513","8.251074602","8.130913481","8.061020419","8.098974362"
"INTL.4417-1-URY-QBTU.A","        Uruguay","0","0","0","0","0","0","0","0","0","0","0","0","0","0","0","0","0","0","0","0","0","0","0","0","0","0","0","0","0","0","0","0","0","0","0","0","0","0","0","0","0","0","0","0"
"INTL.4417-1-UZB-QBTU.A","        Uzbekistan","--","--","--","--","--","--","--","--","--","--","--","--","0","0","0","0","0","0","0","0","0","0","0","0","0","0","0","0","0","0","0","0","0","0","0","0","0","0","0","0","0","0","0","0"
"INTL.4417-1-VUT-QBTU.A","        Vanuatu","0","0","0","0","0","0","0","0","0","0","0","0","0","0","0","0","0","0","0","0","0","0","0","0","0","0","0","0","0","0","0","0","0","0","0","0","0","0","0","0","0","0","0","0"
"INTL.4417-1-VEN-QBTU.A","        Venezuela","0","0","0","0","0","0","0","0","0","0","0","0","0","0","0","0","0","0","0","0","0","0","0","0","0","0","0","0","0","0","0","0","0","0","0","0","0","0","0","0","0","0","0","0"
"INTL.4417-1-VNM-QBTU.A","        Vietnam","0","0","0","0","0","0","0","0","0","0","0","0","0","0","0","0","0","0","0","0","0","0","0","0","0","0","0","0","0","0","0","0","0","0","0","0","0","0","0","0","0","0","0","0"
"INTL.4417-1-WAK-QBTU.A","        Wake Island","0","0","0","0","0","0","0","0","0","0","0","0","0","0","0","0","0","0","0","0","0","0","0","0","0","0","0","0","0","0","0","0","0","0","0","0","0","0","0","0","0","0","0","0"
"INTL.4417-1-ESH-QBTU.A","        Western Sahara","0","0","0","0","0","0","0","0","0","0","0","0","0","0","0","0","0","0","0","0","0","0","0","0","0","0","0","0","0","0","0","0","0","0","0","0","0","0","0","0","0","0","0","0"
"INTL.4417-1-YEM-QBTU.A","        Yemen","0","0","0","0","0","0","0","0","0","0","0","0","0","0","0","0","0","0","0","0","0","0","0","0","0","0","0","0","0","0","0","0","0","0","0","0","0","0","0","0","0","0","0","0"
"INTL.4417-1-ZMB-QBTU.A","        Zambia","0","0","0","0","0","0","0","0","0","0","0","0","0","0","0","0","0","0","0","0","0","0","0","0","0","0","0","0","0","0","0","0","0","0","0","0","0","0","0","0","0","0","0","0"
"INTL.4417-1-ZWE-QBTU.A","        Zimbabwe","0","0","0","0","0","0","0","0","0","0","0","0","0","0","0","0","0","0","0","0","0","0","0","0","0","0","0","0","0","0","0","0","0","0","0","0","0","0","0","0","0","0","0","0"
"","total energy production from renewables and other (quad Btu)","","","","","","","","","","","","","","","","","","","","","","","","","","","","","","","","","","","","","","","","","","","",""
